province,REF_DATE,avg_house_only,avg_land_only,avg_totalhouseland,avg_income,avg_food_expenditures,avg_income_taxes,avg_mortageinsurance,avg_mortagePaid,avg_accomodation,avg_rent,avg_shelter,avg_total_expenditure,avg_taxes_landregfees,avg_international_tourism,avg_domestic_tourism,avg_employment,avg_employment_rate,avg_fulltime,avg_labourforce,avg_parttime,avg_participationrate,avg_population,avg_unemployment,avg_unemploymentrate,avg_crime_incidents
Atlantic Region,2004-02,71.8,64.5,70.1,,,,,,,,,,,,,,,,,,,,,,
Atlantic Region,2004-10,73.4,65.7,71.6,,,,,,,,,,,,,,,,,,,,,,
Atlantic Region,2004-03,71.9,64.6,70.2,,,,,,,,,,,,,,,,,,,,,,
Atlantic Region,2004-05,72.5,64.7,70.7,,,,,,,,,,,,,,,,,,,,,,
Atlantic Region,2004-04,72.0,64.6,70.2,,,,,,,,,,,,,,,,,,,,,,
Atlantic Region,2004-01,71.6,64.3,69.9,,,,,,,,,,,,,,,,,,,,,,
Atlantic Region,2004-07,72.8,65.4,71.1,,,,,,,,,,,,,,,,,,,,,,
Atlantic Region,2004-08,73.2,65.6,71.5,,,,,,,,,,,,,,,,,,,,,,
Atlantic Region,2004-06,72.7,64.9,70.9,,,,,,,,,,,,,,,,,,,,,,
Atlantic Region,2004-09,73.3,65.6,71.5,,,,,,,,,,,,,,,,,,,,,,
Atlantic Region,2004-11,73.9,66.6,72.1,,,,,,,,,,,,,,,,,,,,,,
Atlantic Region,2004-12,73.9,66.6,72.1,,,,,,,,,,,,,,,,,,,,,,
