province,REF_DATE,avg_house_only,avg_land_only,avg_totalhouseland,avg_income,avg_food_expenditures,avg_income_taxes,avg_mortageinsurance,avg_mortagePaid,avg_accomodation,avg_rent,avg_shelter,avg_total_expenditure,avg_taxes_landregfees,avg_international_tourism,avg_domestic_tourism,avg_employment,avg_employment_rate,avg_fulltime,avg_labourforce,avg_parttime,avg_participationrate,avg_population,avg_unemployment,avg_unemploymentrate,avg_crime_incidents
Nova Scotia,2015-10,99.2,99.3,99.1,10063.472222222223,,,,,,,,,,1458.5,6421.1,,,,,,,,,,1870.75
Nova Scotia,2015-05,98.9,99.3,99.0,10063.472222222223,,,,,,,,,,2559.0,4354.7,,,,,,,,,,1870.75
Nova Scotia,2015-07,99.0,99.3,99.0,10063.472222222223,,,,,,,,,,1500.2,6084.5,,,,,,,,,,1870.75
Nova Scotia,2015-01,98.4,98.5,98.4,10063.472222222223,,,,,,,,,,1388.6,1963.0,,,,,,,,,,1870.75
Nova Scotia,2015-12,98.8,99.3,98.9,10063.472222222223,,,,,,,,,,754.3,1569.4,,,,,,,,,,1870.75
Nova Scotia,2015-11,98.6,99.3,98.7,10063.472222222223,,,,,,,,,,806.8,1749.3,,,,,,,,,,1870.75
Nova Scotia,2015-09,99.0,99.3,99.0,10063.472222222223,,,,,,,,,,1343.8,8797.2,,,,,,,,,,1870.75
Nova Scotia,2015-06,99.2,99.3,99.1,10063.472222222223,,,,,,,,,,1423.3,5242.3,,,,,,,,,,1870.75
Nova Scotia,2015-08,99.0,99.3,99.0,10063.472222222223,,,,,,,,,,1355.3,5426.5,,,,,,,,,,1870.75
Nova Scotia,2015-03,98.8,99.3,98.9,10063.472222222223,,,,,,,,,,4445.3,5254.5,,,,,,,,,,1870.75
Nova Scotia,2015-04,98.8,99.3,98.9,10063.472222222223,,,,,,,,,,4649.5,5635.8,,,,,,,,,,1870.75
Nova Scotia,2015-02,98.8,99.3,98.8,10063.472222222223,,,,,,,,,,2647.2,3281.5,,,,,,,,,,1870.75
