province,REF_DATE,avg_house_only,avg_land_only,avg_totalhouseland,avg_income,avg_food_expenditures,avg_income_taxes,avg_mortageinsurance,avg_mortagePaid,avg_accomodation,avg_rent,avg_shelter,avg_total_expenditure,avg_taxes_landregfees,avg_international_tourism,avg_domestic_tourism,avg_employment,avg_employment_rate,avg_fulltime,avg_labourforce,avg_parttime,avg_participationrate,avg_population,avg_unemployment,avg_unemploymentrate,avg_crime_incidents
Prince Edward Island,2018-03,100.6,100.1,100.5,,,,,,,,,,,378.0,392.0,,,,,,,,,,
Prince Edward Island,2018-09,100.3,100.2,100.3,,,,,,,,,,,1.5,58.5,,,,,,,,,,
Prince Edward Island,2018-06,100.5,100.1,100.4,,,,,,,,,,,4.0,39.5,,,,,,,,,,
Prince Edward Island,2018-05,100.6,100.1,100.5,,,,,,,,,,,179.0,187.0,,,,,,,,,,
Prince Edward Island,2018-07,100.5,100.2,100.5,,,,,,,,,,,5.5,65.0,,,,,,,,,,
Prince Edward Island,2018-04,100.7,100.1,100.5,,,,,,,,,,,549.0,577.0,,,,,,,,,,
Prince Edward Island,2018-08,100.6,100.2,100.5,,,,,,,,,,,4.0,71.0,,,,,,,,,,
Prince Edward Island,2018-02,100.4,100.0,100.3,,,,,,,,,,,181.0,193.0,,,,,,,,,,
Prince Edward Island,2018-01,100.4,100.0,100.3,,,,,,,,,,,0.0,0.0,,,,,,,,,,
Atlantic Region,1989-10,59.0,51.8,57.5,,,,,,,,,,,,,,,,,,,,,,
Atlantic Region,1989-02,58.5,50.6,57.0,,,,,,,,,,,,,,,,,,,,,,
Atlantic Region,1989-09,59.0,51.8,57.5,,,,,,,,,,,,,,,,,,,,,,
Atlantic Region,1989-01,57.9,50.1,56.4,,,,,,,,,,,,,,,,,,,,,,
Atlantic Region,1989-05,58.6,50.9,57.1,,,,,,,,,,,,,,,,,,,,,,
Atlantic Region,1989-07,58.5,51.3,57.1,,,,,,,,,,,,,,,,,,,,,,
Atlantic Region,1989-11,59.0,51.8,57.5,,,,,,,,,,,,,,,,,,,,,,
Atlantic Region,1989-04,58.5,50.8,57.0,,,,,,,,,,,,,,,,,,,,,,
Atlantic Region,1989-06,58.5,51.3,57.1,,,,,,,,,,,,,,,,,,,,,,
Atlantic Region,1989-03,58.5,50.8,57.0,,,,,,,,,,,,,,,,,,,,,,
Atlantic Region,1989-12,59.0,51.8,57.5,,,,,,,,,,,,,,,,,,,,,,
Atlantic Region,1989-08,58.5,51.5,57.1,,,,,,,,,,,,,,,,,,,,,,
Prairie Region,2008-10,96.0,99.9,97.1,,,,,,,,,,,,,,,,,,,,,,
Prairie Region,2008-03,101.9,97.2,100.3,,,,,,,,,,,,,,,,,,,,,,
Prairie Region,2008-01,102.5,96.5,100.5,,,,,,,,,,,,,,,,,,,,,,
Prairie Region,2008-06,99.0,97.7,98.5,,,,,,,,,,,,,,,,,,,,,,
Prairie Region,2008-04,101.2,97.4,99.9,,,,,,,,,,,,,,,,,,,,,,
Prairie Region,2008-02,102.2,96.6,100.3,,,,,,,,,,,,,,,,,,,,,,
Prairie Region,2008-07,98.8,97.9,98.4,,,,,,,,,,,,,,,,,,,,,,
Prairie Region,2008-08,98.1,97.9,97.9,,,,,,,,,,,,,,,,,,,,,,
Prairie Region,2008-12,94.2,99.5,95.8,,,,,,,,,,,,,,,,,,,,,,
Prairie Region,2008-11,95.1,99.9,96.5,,,,,,,,,,,,,,,,,,,,,,
Prairie Region,2008-09,98.0,98.7,98.1,,,,,,,,,,,,,,,,,,,,,,
Prairie Region,2008-05,99.9,97.1,98.8,,,,,,,,,,,,,,,,,,,,,,
