province,REF_DATE,avg_house_only,avg_land_only,avg_totalhouseland,avg_income,avg_food_expenditures,avg_income_taxes,avg_mortageinsurance,avg_mortagePaid,avg_accomodation,avg_rent,avg_shelter,avg_total_expenditure,avg_taxes_landregfees,avg_international_tourism,avg_domestic_tourism,avg_employment,avg_employment_rate,avg_fulltime,avg_labourforce,avg_parttime,avg_participationrate,avg_population,avg_unemployment,avg_unemploymentrate,avg_crime_incidents
Prairie Region,1986-09,31.4,25.4,29.8,,,,,,,,,,,,,,,,,,,,,,
Prairie Region,1986-05,31.1,25.1,29.4,,,,,,,,,,,,,,,,,,,,,,
Prairie Region,1986-03,30.9,25.0,29.3,,,,,,,,,,,,,,,,,,,,,,
Prairie Region,1986-02,30.7,24.9,29.1,,,,,,,,,,,,,,,,,,,,,,
Prairie Region,1986-12,31.7,25.5,30.0,,,,,,,,,,,,,,,,,,,,,,
Prairie Region,1986-01,30.3,24.8,28.8,,,,,,,,,,,,,,,,,,,,,,
Prairie Region,1986-07,31.2,25.3,29.6,,,,,,,,,,,,,,,,,,,,,,
Prairie Region,1986-10,31.4,25.4,29.8,,,,,,,,,,,,,,,,,,,,,,
Prairie Region,1986-11,31.5,25.6,29.9,,,,,,,,,,,,,,,,,,,,,,
Prairie Region,1986-06,31.2,25.2,29.5,,,,,,,,,,,,,,,,,,,,,,
Prairie Region,1986-08,31.3,25.3,29.6,,,,,,,,,,,,,,,,,,,,,,
Prairie Region,1986-04,31.0,25.0,29.3,,,,,,,,,,,,,,,,,,,,,,
