province,REF_DATE,avg_house_only,avg_land_only,avg_totalhouseland,avg_income,avg_food_expenditures,avg_income_taxes,avg_mortageinsurance,avg_mortagePaid,avg_accomodation,avg_rent,avg_shelter,avg_total_expenditure,avg_taxes_landregfees,avg_international_tourism,avg_domestic_tourism,avg_employment,avg_employment_rate,avg_fulltime,avg_labourforce,avg_parttime,avg_participationrate,avg_population,avg_unemployment,avg_unemploymentrate,avg_crime_incidents
Nova Scotia,1990-06,54.7,59.1,55.9,,,,,,,,,,,772.7,5125.6,,,,,,,,,,
Nova Scotia,1990-09,54.8,59.1,55.9,,,,,,,,,,,903.1,6906.8,,,,,,,,,,
Nova Scotia,1990-04,54.7,59.1,55.9,,,,,,,,,,,1425.9,2541.9,,,,,,,,,,
Nova Scotia,1990-12,54.5,59.1,55.7,,,,,,,,,,,393.2,1332.7,,,,,,,,,,
Nova Scotia,1990-08,54.8,59.1,55.9,,,,,,,,,,,1144.0,7754.0,,,,,,,,,,
Nova Scotia,1990-02,54.7,59.1,55.9,,,,,,,,,,,620.7,1453.9,,,,,,,,,,
Nova Scotia,1990-10,54.8,59.1,55.9,,,,,,,,,,,807.1,3705.4,,,,,,,,,,
Nova Scotia,1990-07,54.8,59.1,55.9,,,,,,,,,,,1110.7,7158.4,,,,,,,,,,
Nova Scotia,1990-11,54.5,59.1,55.7,,,,,,,,,,,467.7,1355.5,,,,,,,,,,
Nova Scotia,1990-01,54.5,59.1,55.7,,,,,,,,,,,519.3,1332.5,,,,,,,,,,
Nova Scotia,1990-05,54.7,59.1,55.9,,,,,,,,,,,1136.0,3577.0,,,,,,,,,,
Nova Scotia,1990-03,54.7,59.1,55.9,,,,,,,,,,,1437.5,2642.2,,,,,,,,,,
