province,REF_DATE,avg_house_only,avg_land_only,avg_totalhouseland,avg_income,avg_food_expenditures,avg_income_taxes,avg_mortageinsurance,avg_mortagePaid,avg_accomodation,avg_rent,avg_shelter,avg_total_expenditure,avg_taxes_landregfees,avg_international_tourism,avg_domestic_tourism,avg_employment,avg_employment_rate,avg_fulltime,avg_labourforce,avg_parttime,avg_participationrate,avg_population,avg_unemployment,avg_unemploymentrate,avg_crime_incidents
Alberta,1991-07,38.35,38.55,38.25,,,,,,,,,,,12939.90909090909,26283.636363636364,,,,,,,,,,
Alberta,1991-02,38.6,38.05,38.25,,,,,,,,,,,8759.181818181818,11688.636363636364,,,,,,,,,,
Alberta,1991-12,38.3,39.6,38.5,,,,,,,,,,,7546.636363636364,11099.90909090909,,,,,,,,,,
Alberta,1991-06,38.55,38.65,38.400000000000006,,,,,,,,,,,8199.545454545454,17757.090909090908,,,,,,,,,,
Alberta,1991-09,38.5,39.0,38.400000000000006,,,,,,,,,,,8955.363636363636,15870.454545454546,,,,,,,,,,
Alberta,1991-11,38.35,39.15,38.4,,,,,,,,,,,7356.454545454545,10082.0,,,,,,,,,,
Alberta,1991-01,38.900000000000006,38.0,38.45,,,,,,,,,,,8104.727272727273,10927.636363636364,,,,,,,,,,
Alberta,1991-10,38.45,39.05,38.45,,,,,,,,,,,8257.181818181818,12082.09090909091,,,,,,,,,,
Alberta,1991-05,38.4,38.4,38.25,,,,,,,,,,,8894.0,13822.09090909091,,,,,,,,,,
Alberta,1991-08,38.5,39.0,38.400000000000006,,,,,,,,,,,15125.90909090909,26686.909090909092,,,,,,,,,,
Alberta,1991-04,38.4,38.150000000000006,38.2,,,,,,,,,,,10399.181818181818,13548.90909090909,,,,,,,,,,
Alberta,1991-03,38.75,38.25,38.4,,,,,,,,,,,10018.545454545454,13789.454545454546,,,,,,,,,,
