province,REF_DATE,avg_house_only,avg_land_only,avg_totalhouseland,avg_income,avg_food_expenditures,avg_income_taxes,avg_mortageinsurance,avg_mortagePaid,avg_accomodation,avg_rent,avg_shelter,avg_total_expenditure,avg_taxes_landregfees,avg_international_tourism,avg_domestic_tourism,avg_employment,avg_employment_rate,avg_fulltime,avg_labourforce,avg_parttime,avg_participationrate,avg_population,avg_unemployment,avg_unemploymentrate,avg_crime_incidents
Atlantic Region,1991-03,60.6,54.3,59.2,,,,,,,,,,,,,,,,,,,,,,
Atlantic Region,1991-02,60.3,54.1,59.0,,,,,,,,,,,,,,,,,,,,,,
Atlantic Region,1991-05,60.4,54.5,59.1,,,,,,,,,,,,,,,,,,,,,,
Atlantic Region,1991-07,60.4,54.5,59.1,,,,,,,,,,,,,,,,,,,,,,
Atlantic Region,1991-06,60.4,54.5,59.1,,,,,,,,,,,,,,,,,,,,,,
Atlantic Region,1991-01,59.0,53.1,58.0,,,,,,,,,,,,,,,,,,,,,,
Atlantic Region,1991-09,60.4,54.5,59.2,,,,,,,,,,,,,,,,,,,,,,
Atlantic Region,1991-08,60.4,54.5,59.1,,,,,,,,,,,,,,,,,,,,,,
Atlantic Region,1991-12,60.5,54.9,59.3,,,,,,,,,,,,,,,,,,,,,,
Atlantic Region,1991-11,60.4,54.9,59.2,,,,,,,,,,,,,,,,,,,,,,
Atlantic Region,1991-10,60.4,54.9,59.2,,,,,,,,,,,,,,,,,,,,,,
Atlantic Region,1991-04,60.4,54.2,59.1,,,,,,,,,,,,,,,,,,,,,,
